CountryID,Country_Name,WEBNAME,Region,World_Rank,Region_Rank,2016_Score,Change_in_Yearly_Score_from_2015,Property_Rights,Change_in_Property_Rights_from_2015,Freedom_from_Corruption,Change_in_Freedom_from_Corruption_from_2015,Fiscal_Freedom_,Change_in_Fiscal_Freedom_from_2015,Gov't_Spending,Change_in_Gov't_Spending_from_2015,Business_Freedom,Change_in_Business_Freedom_from_2015,Labor_Freedom,Change_in_Labor_Freedom_from_2015,Monetary_Freedom,Change_in_Monetary_Freedom_from_2015,Trade_Freedom,Change_in_Trade_Freedom_from_2015,Investment_Freedom_,Change_in_Investment_Freedom_from_2015,Financial_Freedom,Change_in_Financial_Freedom_from_2015,Tariff_Rate_(%),Income_Tax_Rate_(%),Corporate_Tax_Rate_(%),Tax_Burden_%_of_GDP,Gov't_Expenditure_%_of_GDP_,Country,Population_(Millions),"GDP_(Billions,_PPP)",GDP_Growth_Rate_(%),5_Year_GDP_Growth_Rate_(%),GDP_per_Capita_(PPP),Unemployment_(%),Inflation_(%),FDI_Inflow_(Millions),Public_Debt_(%_of_GDP)
1,Afghanistan,Afghanistan,Asia-Pacific,,,,,,,12.0,4.0,91.6,-0.1,81.2,0.0,56.6,-4.8,63.2,-4.3,,,,,55.0,0.0,,,,20.0,20.0,6.61444,25.024,Afghanistan,31.279,60.578,1.534,6.8158,1936.715,9.1,4.611,53.56,6.7
2,Albania,Albania,Europe,59.0,27.0,65.92,0.2,35.0,5.0,33.0,2.0,87.8,0.6,75.0,-1.1,67.6,-3.0,51.5,-1.4,81.7,0.9,87.6,-0.2,70.0,0.0,70.0,0.0,1.2,23.0,15.0,21.7,28.878,Albania,2.774,31.556,2.102,2.2742,11376.825,16.1,1.625,1093.4803000009285,72.564
3,Algeria,Algeria,Middle East / North Africa,154.0,13.0,50.06,1.2,25.0,-5.0,36.0,0.0,81.0,1.0,59.4,20.7,62.1,-4.5,48.2,-2.3,68.1,-3.1,60.8,0,30.0,5.0,30.0,0.0,12.1,35.0,23.0,12.2,38.0,Algeria,38.7,551.809,4.129,3.3274,14258.62,9.5,2.917,1488.0,8.764
4,Angola,Angola,Sub-Saharan Africa,156.0,39.0,48.94,1.0,15.0,0.0,19.0,-4.0,87.75,3.3,50.1,0.0,50.3,2.9,44.8,1.6,72.2,6.8,70.2,0,40.0,0.0,40.0,0.0,4.9,17.0,30.0,6.0,40.791,Angola,24.383,175.641,4.222,4.7008,7203.347,6.8,7.296,-3881.0,38.043
5,Argentina,Argentina,South and Central America / Caribbean,169.0,27.0,43.77,-0.3,15.0,0.0,34.0,0.0,66.1,-0.7,51.3,10.1,56.0,3.2,43.9,0.6,44.0,-15.6,67.4,-1.4,30.0,0.0,30.0,0.0,6.3,35.0,35.0,30.6,40.3,Argentina,41.961,947.573,0.469,4.3988,22582.499,8.2,37.6,6612.0,48.564
6,Armenia,Armenia,Europe,54.0,23.0,66.96,-0.1,20.0,0.0,37.0,1.0,83.8,-0.6,80.7,-2.1,77.5,-5.2,62.2,-2.1,72.8,2.2,85.6,0.2,80.0,5.0,70.0,0.0,2.2,26.0,20.0,23.42514,25.371,Armenia,3.293,24.282,3.432,4.1998,7373.532,17.1,3.111,382.8413837927186,44.222
7,Australia,Australia,Asia-Pacific,5.0,4.0,80.34,-1.1,90.0,0.0,80.0,-1.0,63.1875,-0.5,62.0,0.2,89.4,-4.7,77.2,-4.4,85.2,-0.1,86.4,0,80.0,0.0,90.0,0.0,1.8,45.0,30.0,27.5,35.58288174095027,Australia,23.59,1095.384,2.709,2.6692,46433.299,6.0,2.488,51854.22225427274,34.258
8,Austria,Austria,Europe,28.0,15.0,71.67,0.5,90.0,0.0,72.0,3.0,50.7,0.6,22.4,2.6,79.4,1.4,72.5,-4.2,81.7,1.4,88.0,0,90.0,0.0,70.0,0.0,1.0,50.0,25.0,42.524,50.859288294511096,Austria,8.52,395.49,0.34,1.2806000000000002,46420.129,5.0,1.458,4674.942386607423,86.824
9,Azerbaijan,Azerbaijan,Asia-Pacific,91.0,16.0,60.2,-0.8,20.0,0.0,29.0,1.0,88.0,-0.1,56.7,-3.0,70.3,-4.2,75.2,-3.9,77.0,-2.8,75.8,-0.2,60.0,5.0,50.0,0.0,4.6,25.0,20.0,13.26051,38.004,Azerbaijan,9.383,165.32,2.793,3.1623999999999994,17618.281,5.2,1.351,4430.4,16.353
10,Bahamas,Bahamas,South and Central America / Caribbean,31.0,2.0,70.92,2.2,70.0,0.0,71.0,0.0,97.9,0.1,84.3,1.1,70.7,1.8,72.8,-2.5,78.5,-0.3,64.0,11.8,40.0,10.0,60.0,0.0,13.0,0.0,0.0,14.4,22.847,The Bahamas,0.36,9.022,1.286,1.1178000000000001,25049.452,15.4,1.191,1595.9,60.408
11,Bahrain,Bahrain,Middle East / North Africa,18.0,1.0,74.25,0.9,60.0,0.0,49.0,1.0,99.9,0.0,75.4,2.3,71.9,-0.6,79.1,-4.0,74.6,0.4,82.6,4,70.0,5.0,80.0,0.0,3.7,0.0,0.0,3.1,28.61,Bahrain,1.198,61.939,4.749,3.9744,51713.695,4.1,2.496,957.4468085106383,43.763
12,Bangladesh,Bangladesh,Asia-Pacific,137.0,29.0,53.32,-0.6,20.0,0.0,25.0,-2.0,72.7,0.0,93.6,1.6,52.6,-9.6,62.5,-1.2,68.2,0.5,63.6,4.6,45.0,0.0,30.0,0.0,10.7,25.0,45.0,8.96238,14.61,Bangladesh,158.217,533.739,6.108,6.1914,3373.451,4.3,7.009,1526.7,33.86
13,Barbados,Barbados,South and Central America / Caribbean,45.0,7.0,68.29,0.4,80.0,0.0,74.0,-1.0,75.8,2.0,37.6,-4.5,70.2,-1.4,67.3,-1.9,80.8,2.6,62.2,-1.6,75.0,10.0,60.0,0.0,13.9,35.0,25.0,23.9,45.616,Barbados,0.279,4.516,-0.3,0.1436,16182.966,12.0,1.868,275.06271779033034,100.351
14,Belarus,Belarus,Europe,157.0,43.0,48.77,-1.0,20.0,0.0,31.0,2.0,88.6,2.2,44.8,-9.9,69.0,-3.0,74.9,-5.2,50.4,5.9,79.0,-2,20.0,0.0,10.0,0.0,3.0,13.0,18.0,25.4,42.883,Belarus,9.468,171.952,1.588,3.5256,18161.429,5.9,18.107,1798.1999999999998,37.887
15,Belgium,Belgium,Europe,44.0,21.0,68.41,-0.4,80.0,0.0,76.0,1.0,44.2,0.6,11.0,0.8,85.4,-5.3,60.5,-3.2,84.0,2.3,88.0,0,85.0,0.0,70.0,0.0,1.0,50.0,33.0,44.641,54.4625801113779,Belgium,11.204,481.474,1.043,1.1103999999999998,42973.425,8.5,0.544,-4956.675524822516,105.6
16,Belize,Belize,South and Central America / Caribbean,118.0,20.0,57.35,0.6,35.0,5.0,6.7,0.0,82.1,-0.3,71.9,-6.4,63.3,4.2,60.3,-1.5,79.2,-0.1,70.0,-0.4,55.0,5.0,50.0,0.0,10.0,25.0,25.0,23.2,30.586,Belize,0.357,2.942,3.381,2.6702000000000004,8247.73,11.5,0.925,141.097,76.314
17,Benin,Benin,Sub-Saharan Africa,101.0,12.0,59.31,0.5,30.0,0.0,39.0,3.0,68.1,-0.2,84.9,-1.8,51.3,-3.9,53.8,0.6,82.2,2.3,58.8,0.4,75.0,5.0,50.0,0.0,15.6,45.0,30.0,16.3,22.436,Benin,10.592,19.803,5.475,4.4778,1869.638,1.0,-0.996,377.3586693786252,30.867
18,Bhutan,Bhutan,Asia-Pacific,97.0,20.0,59.53,2.1,60.0,0.0,65.0,2.0,83.06,0.5,67.5,7.4,65.2,3.3,77.6,-3.5,66.9,0.9,60.0,10.6,20.0,0.0,30.0,0.0,10.0,25.0,30.0,13.0,32.898,Bhutan,0.766,5.855,6.353,7.441599999999999,7640.583,2.8,7.703,5.835575470878838,107.511
19,Bolivia,Bolivia,South and Central America / Caribbean,160.0,26.0,47.4,0.6,10.0,0.0,35.0,1.0,86.4,-0.4,55.5,-5.4,58.8,5.1,31.7,6.2,65.0,-4.7,76.6,-1,15.0,5.0,40.0,0.0,4.2,13.0,25.0,23.8,38.504,Bolivia,11.246,69.962,5.4,5.3304,6220.926,2.7,5.765,647.8493302796652,32.409
20,Bosnia and Herzegovina,BosniaHerzegovina,Europe,108.0,39.0,58.63,-0.4,20.0,0.0,39.0,-3.0,83.9,1.0,33.1,5.8,54.6,1.1,59.4,-4.0,84.3,0.3,87.0,-0.2,65.0,-5.0,60.0,0.0,1.5,10.0,10.0,37.6,47.234,Bosnia and Herzegovina,3.871,38.064,0.8,0.7741999999999999,9833.204,27.9,-0.9,564.0034214197326,44.906
21,Botswana,Botswana,Sub-Saharan Africa,30.0,2.0,71.07,1.3,70.0,0.0,63.0,-1.0,79.1,-0.4,68.4,6.5,66.4,-0.4,68.5,-1.5,76.3,2.4,84.0,11.8,65.0,-5.0,70.0,0.0,0.5,25.0,22.0,31.3,32.448,Botswana,2.104,33.736,4.942,5.9722,16035.655,18.2,3.926,393.1801254422866,14.45
22,Brazil,Brazil,South and Central America / Caribbean,122.0,21.0,56.54,-0.1,45.0,-5.0,43.0,1.0,69.7,1.3,55.2,4.3,61.4,7.8,52.5,0.4,64.2,-5.2,69.4,-0.2,55.0,5.0,50.0,-10.0,7.8,27.5,34.0,33.4,38.64,Brazil,202.769,3263.832,0.145,3.2278,16096.321,6.8,6.329,62494.754,65.218
23,Bulgaria,Bulgaria,Europe,60.0,28.0,65.86,-0.9,30.0,0.0,43.0,2.0,91.1,0.1,60.4,-4.1,66.9,-1.6,71.6,-5.0,82.6,-0.6,88.0,0,65.0,0.0,60.0,0.0,1.0,10.0,10.0,26.3,36.341,Bulgaria,7.202,128.633,1.705,1.1800000000000002,17860.307,11.6,-1.6,1710.3064621197748,26.9
24,Burkina Faso,BurkinaFaso,Sub-Saharan Africa,104.0,14.0,59.09,0.5,30.0,5.0,38.0,0.0,82.7725,0.4,76.8,-3.0,46.3,-3.3,58.9,1.1,84.9,4.9,68.2,0,65.0,0.0,40.0,0.0,8.4,27.5,27.5,14.5,27.834,Burkina Faso,17.429,29.309,4.024,6.433199999999999,1681.667,3.1,-0.258,341.8982029266911,28.321
25,Burma,Burma,Asia-Pacific,158.0,36.0,48.65,1.8,10.0,0.0,21.0,0.0,86.6,-0.3,75.3,-2.6,32.6,3.9,76.8,-2.5,70.0,3.9,74.2,0,20.0,5.0,20.0,10.0,2.9,20.0,30.0,6.1,28.7,Burma,51.419,241.98,7.686,6.897999999999999,4706.001,3.3,5.943,946.223,16.8
26,Burundi,Burundi,Sub-Saharan Africa,133.0,28.0,53.91,0.2,20.0,0.0,20.0,-1.0,73.8,0.3,70.5,9.2,54.2,-7.2,67.6,-0.5,73.8,4.0,74.2,2,55.0,-5.0,30.0,0.0,5.4,35.0,35.0,13.1,31.364,Burundi,9.201,8.378,4.737,4.494,910.544,6.9,4.421,32.035378776613285,30.541
27,Cambodia,Cambodia,Asia-Pacific,112.0,24.0,57.9,0.4,25.0,0.0,21.0,1.0,90.5,0.0,87.4,-0.1,32.3,3.1,62.5,0.3,78.1,-0.6,72.2,0,60.0,0.0,50.0,0.0,8.9,20.0,20.0,12.36803,20.504,Cambodia,15.313,49.96,6.966,6.948,3262.555,0.4,3.852,1730.3559300658721,29.543
28,Cameroon,Cameroon,Sub-Saharan Africa,130.0,27.0,54.18,2.3,25.0,0.0,27.0,2.0,75.6,3.9,85.6,-2.2,46.9,5.3,48.9,1.1,81.2,5.6,61.6,2,40.0,5.0,50.0,0.0,11.7,35.0,33.0,11.3,21.906,Cameroon,22.544,67.2,5.136,4.545,2980.846,4.3,1.853,501.2,23.932
29,Canada,Canada,North America,6.0,1.0,77.97,-1.1,90.0,0.0,81.0,0.0,80.0,0.1,50.4,2.1,81.8,-7.2,72.6,-3.5,76.9,-1.0,87.0,-1.4,80.0,0.0,80.0,0.0,1.5,29.0,15.0,30.558,40.668110356175205,Canada,35.492,1591.58,2.532,2.5585999999999998,44843.442,6.9,1.9,53864.026760690715,86.515
30,Cabo Verde,CaboVerde,Sub-Saharan Africa,57.0,3.0,66.46,0.1,75.0,0.0,57.0,-1.0,78.0775,-0.2,66.9,-1.0,61.3,-0.5,43.6,1.5,84.5,3.5,68.2,-1.4,70.0,0.0,60.0,0.0,10.9,35.0,25.0,18.5,33.234,Cape Verde,0.518,3.279,1.002,1.6318000000000001,6324.063,9.2,-0.244,78.05883251778583,112.199
31,Central African Republic,CentralAfricanRepublic,Sub-Saharan Africa,168.0,42.0,45.23,-0.7,10.0,-5.0,24.0,-1.0,65.7,0.7,93.6,1.6,28.0,0.8,40.9,3.4,62.9,-6.7,52.2,-0.2,45.0,0.0,30.0,0.0,16.4,50.0,30.0,5.2,14.662,Central African Republic,4.701,2.855,1.01,-4.915199999999999,607.17,7.4,14.958,3.4750079909534666,41.83
32,Chad,Chad,Sub-Saharan Africa,164.0,41.0,46.33,0.4,20.0,0.0,22.0,3.0,46.0,-0.2,84.3,0.7,30.9,3.8,48.9,1.2,71.4,-4.2,49.8,-5.4,50.0,5.0,40.0,0.0,15.1,60.0,45.0,6.6,22.88,Chad,11.284,29.533,6.893,7.019999999999999,2617.262,7.0,1.681,760.5,24.983
33,Chile,Chile,South and Central America / Caribbean,7.0,1.0,77.66,-0.8,85.0,-5.0,73.0,2.0,74.8,-1.7,83.1,-0.2,72.1,2.8,64.3,-2.7,82.9,-2.7,86.4,4.4,85.0,-5.0,70.0,0.0,1.8,40.0,22.5,20.228,23.722,Chile,17.819,409.329,1.836,4.634399999999999,22971.444,6.4,4.395,22949.206470654568,13.891
34,China,China,Asia-Pacific,144.0,31.0,51.96,-0.7,20.0,0.0,36.0,-4.0,69.7,0.0,74.3,-7.2,54.2,2.1,62.0,-1.0,70.6,-3.6,72.8,1,30.0,5.0,30.0,0.0,3.6,45.0,25.0,19.4,29.29,China,1367.82,17617.321,7.364,8.517599999999998,12879.853,4.7,1.988,128500.0,41.061
35,Colombia,Colombia,South and Central America / Caribbean,33.0,3.0,70.79,-0.9,50.0,0.0,37.0,1.0,80.1,-0.2,74.4,-1.6,78.2,-3.3,77.6,-4.1,79.6,-0.5,81.0,-0.2,80.0,0.0,70.0,0.0,4.5,33.0,25.0,16.5,29.208,Colombia,47.662,640.122,4.553,4.819,13430.454,10.1,2.899,16053.84509,38.015
36,Comoros,Comoros,Sub-Saharan Africa,141.0,32.0,52.35,0.3,30.0,0.0,26.0,-2.0,64.5,0.0,81.0,2.2,49.6,2.3,51.0,-1.0,79.4,1.5,72.0,-1,40.0,0.0,30.0,0.0,6.5,30.0,50.0,12.1,25.165,Comoros,0.776,1.202,3.349,2.8212,1548.198,6.5,2.85,14.028710043661057,19.953
37,"Congo, Democratic Republic of the Congo",DemcoraticRepublicCongo,Sub-Saharan Africa,163.0,40.0,46.38,1.4,10.0,0.0,22.0,0.0,73.31,0.4,95.2,9.5,42.8,0.0,41.0,2.6,78.5,3.4,61.0,-2,20.0,0.0,20.0,0.0,12.0,30.0,40.0,13.0,12.66,Democratic Republic of Congo,79.301,55.807,9.093,7.731999999999999,703.734,8.0,1.0,2063.1732359173193,19.691
38,"Congo, Republic of",RepublicCongo,Sub-Saharan Africa,172.0,44.0,42.8,0.1,10.0,0.0,23.0,1.0,66.9,-0.5,55.8,-4.9,35.9,-0.9,38.8,2.8,75.6,4.0,52.0,-10.4,40.0,10.0,30.0,0.0,16.5,45.0,34.0,11.2,38.384,Republic of Congo,4.274,28.036,6.021,5.0618,6559.284,6.5,0.912,5502.260246958526,42.295
39,Costa Rica,CostaRica,South and Central America / Caribbean,50.0,10.0,67.37,0.2,50.0,0.0,54.0,1.0,79.4,-0.6,88.7,-1.2,68.6,4.1,53.8,-0.8,77.6,1.8,81.6,-2.2,70.0,0.0,50.0,0.0,4.2,25.0,30.0,23.2,19.366,Costa Rica,4.775,70.972,3.5,4.3154,14864.269,8.3,3.193,2105.92,39.758
40,Côte d'Ivoire,CoeDivoire,Sub-Saharan Africa,92.0,10.0,60.01,1.5,30.0,-5.0,32.0,5.0,78.3,0.6,85.4,3.0,62.2,-3.2,46.9,0.9,73.5,-1.5,71.8,0.4,70.0,15.0,50.0,0.0,6.6,36.0,25.0,15.7,22.062,Côte d'Ivoire,22.717,71.122,7.479,4.8968,3130.778,4.0,0.449,462.0384328298467,36.414
41,Croatia,Croatia,Europe,103.0,38.0,59.13,-2.4,35.0,-5.0,48.0,0.0,70.8,-4.1,33.7,-12.8,60.3,4.5,42.4,-0.4,78.7,-1.3,87.4,0.2,75.0,-5.0,60.0,0.0,1.3,40.0,20.0,30.4,46.996,Croatia,4.236,88.485,-0.4,-1.1018000000000001,20888.816,16.7,-0.208,3451.2409115718997,80.926
42,Cuba,Cuba,South and Central America / Caribbean,177.0,29.0,29.79,0.2,10.0,0.0,46.0,0.0,52.1,-9.7,0.0,0.0,20.0,0.0,20.0,0.0,65.2,0.4,64.6,0.8,10.0,10.0,10.0,0.0,7.7,50.0,30.0,37.3,64.6,Cuba,11.2,134.3,1.3,N/A ,11950.0,,5.3,,32.1
43,Cyprus,Cyprus,Europe,42.0,19.0,68.74,0.8,70.0,0.0,63.0,0.0,76.1,-3.4,47.3,10.6,74.5,-5.0,58.2,-1.4,85.3,2.6,88.0,0,75.0,5.0,50.0,0.0,1.0,35.0,12.5,31.8,41.9,Cyprus,0.891,27.415,-2.255,-1.6689999999999998,30769.086,15.6,-0.26,679.0043569920833,107.106
44,Czech Republic,CzechRepublic,Europe,21.0,11.0,73.22,0.7,75.0,0.0,51.0,3.0,82.5,1.0,47.3,6.7,66.6,-1.6,77.7,-5.2,84.1,2.9,88.0,0,80.0,0.0,80.0,0.0,1.0,15.0,19.0,34.097,41.9166083016792,Czech Republic,10.512,314.585,2.024,0.9546000000000001,29925.128,6.2,0.353,5908.50054197278,41.595
45,Denmark,Denmark,Europe,12.0,5.0,75.26,-1.0,95.0,0.0,92.0,1.0,39.5,-0.1,2.3,0.5,95.4,-2.0,86.0,-6.1,84.4,-3.2,88.0,0,90.0,0.0,80.0,0.0,1.0,56.0,23.5,48.575,57.077554889145574,Denmark,5.627,249.527,0.99,0.5254,44342.659,6.6,0.565,3651.868072346044,42.617
46,Djibouti,Djibouti,Sub-Saharan Africa,124.0,24.0,55.96,-1.5,25.0,0.0,34.0,-2.0,80.6,-0.6,57.4,0.3,50.8,-4.6,62.9,-3.7,74.3,-4.6,54.6,-0.2,70.0,0.0,50.0,0.0,17.7,30.0,25.0,20.3,37.665,Djibouti,0.939,2.865,6.0,4.7594,3050.607,60.0,2.936,152.99823881252075,44.564
47,Dominica,Dominica,South and Central America / Caribbean,53.0,11.0,67.02,0.9,60.0,0.0,58.0,0.0,74.0,0.4,68.5,7.0,73.3,1.7,68.7,0.0,90.1,0.6,72.6,-0.2,75.0,0.0,30.0,0.0,8.7,35.0,30.0,21.7,32.427,Dominica,0.071,0.764,1.102,-0.03400000000000003,10800.198,,0.692,41.09389481481481,76.562
48,Dominican Republic,DominicanRepublic,South and Central America / Caribbean,88.0,17.0,61.01,0.0,25.0,-5.0,32.0,3.0,84.5,0.4,90.2,3.1,56.6,3.1,56.5,-1.0,73.1,-2.9,77.2,-0.6,75.0,0.0,40.0,0.0,6.4,25.0,27.0,13.9,18.114,Dominican Republic,10.602,137.953,7.3,5.1662,13012.177,15.0,2.999,2208.2999999999997,35.142
49,Ecuador,Ecuador,South and Central America / Caribbean,159.0,25.0,48.56,-0.6,15.0,0.0,33.0,-2.0,79.2,0.1,41.8,-9.2,55.5,4.1,51.6,0.3,68.1,-0.1,71.4,0,30.0,0.0,40.0,0.0,4.3,35.0,22.0,19.3,44.042,Ecuador,16.027,180.216,3.644,4.9798,11244.203,4.6,3.587,773.881,29.789
50,Egypt,Egypt,Middle East / North Africa,125.0,12.0,55.96,0.8,20.0,0.0,37.0,5.0,85.6,-0.2,65.9,-2.1,68.3,2.9,51.4,-2.2,65.8,-1.6,70.6,0.6,55.0,5.0,40.0,0.0,9.7,25.0,25.0,13.9,33.7,Egypt,86.7,943.052,2.163,2.6804,10877.186,13.2,10.099,4783.2,90.473
51,El Salvador,ElSalvador,South and Central America / Caribbean,63.0,12.0,65.12,-0.6,35.0,0.0,39.0,1.0,79.1,-0.3,85.3,-0.2,56.0,2.7,52.6,-0.7,83.4,0.9,85.8,0.6,75.0,0.0,60.0,-10.0,2.1,30.0,30.0,17.1,22.119,El Salvador,6.352,50.944,2.0,1.8277999999999999,8020.624,6.2,1.141,275.0,56.464
52,Equatorial Guinea,EquatorialGuinea,Sub-Saharan Africa,170.0,43.0,43.67,3.3,10.0,0.0,19.0,0.0,75.4,0.0,45.6,14.2,45.6,8.1,38.4,4.9,78.9,0.6,53.8,0,40.0,5.0,30.0,0.0,15.6,35.0,35.0,2.3,42.572,Equatorial Guinea,0.778,25.105,-3.107,-0.2071999999999999,32266.345,7.9,3.0,1933.0,7.564
53,Eritrea,Eritrea,Sub-Saharan Africa,173.0,45.0,42.7,3.8,10.0,0.0,18.0,-2.0,80.9,23.9,73.4,1.6,32.1,13.9,65.6,0.1,57.8,0.0,69.2,0,0.0,0.0,20.0,0.0,5.4,30.0,30.0,10.7,29.76,Eritrea,6.537,7.814,1.701,4.1848,1195.345,7.2,12.256,46.51078584,125.328
54,Estonia,Estonia,Europe,9.0,3.0,77.22,0.4,90.0,0.0,69.0,1.0,81.9,1.3,54.9,1.7,79.0,-2.5,57.2,-1.5,82.2,4.6,88.0,0,90.0,0.0,80.0,0.0,1.0,20.0,20.0,31.837,38.76342135035328,Estonia,1.319,35.621,2.083,3.8230000000000004,26998.783,7.7,0.5,982.9195906762492,9.666
55,Ethiopia,Ethiopia,Sub-Saharan Africa,148.0,37.0,51.52,0.0,30.0,0.0,33.0,0.0,77.2,-0.2,90.5,-0.9,55.8,-0.1,57.7,1.3,66.0,-0.1,65.0,0.6,20.0,0.0,20.0,0.0,10.0,35.0,30.0,12.4,17.802,Ethiopia,90.982,144.57,10.347,10.1642,1588.992,5.2,7.377,1200.0,21.862
56,Fiji,Fiji,Asia-Pacific,107.0,23.0,58.78,-0.2,30.0,5.0,22.3,0.0,81.2,-0.1,75.3,0.7,62.0,-1.2,70.6,-4.6,77.6,-0.7,68.8,-1.4,50.0,0.0,50.0,0.0,10.6,29.0,20.0,25.3,28.694,Fiji,0.885,7.293,4.083,3.2434,8235.985,7.9,0.528,278.90958221845443,49.525
57,Finland,Finland,Europe,24.0,13.0,72.56,-0.8,90.0,0.0,89.0,0.0,66.5,0.1,0.8,-2.8,90.7,-1.9,53.7,-1.1,81.9,2.0,88.0,0,85.0,-5.0,80.0,0.0,1.0,31.8,20.0,43.999,57.5,Finland,5.478,221.038,-0.114,0.5402000000000001,40346.972,8.6,1.209,18624.68174985505,59.627
58,France,France,Europe,75.0,32.0,62.32,-0.2,80.0,0.0,69.0,-2.0,47.7,0.2,2.5,0.0,78.4,-1.8,43.5,0.0,79.1,1.6,83.0,0,70.0,0.0,70.0,0.0,1.0,45.0,34.3,45.038,56.99546256243355,France,63.92,2580.75,0.361,1.005,40374.529,9.9,0.621,15191.11902568986,95.14
59,Gabon,Gabon,Sub-Saharan Africa,105.0,15.0,58.96,0.7,40.0,0.0,37.0,3.0,77.6,0.1,74.5,-0.1,58.4,0.5,61.9,-2.4,78.4,0.0,61.8,0.8,60.0,5.0,40.0,0.0,14.1,35.0,30.0,10.6,29.156,Gabon,1.586,36.349,5.085,5.8776,22924.152,19.7,4.512,972.8669235358959,27.785
60,Gambia,Gambia,Sub-Saharan Africa,119.0,21.0,57.14,-0.4,25.0,0.0,29.0,1.0,75.5,0.1,78.0,4.6,53.4,-2.3,65.8,-0.9,64.7,-6.1,65.0,0,65.0,0.0,50.0,0.0,12.5,35.0,32.0,14.3,27.081,The Gambia,1.927,3.082,-0.219,2.4802,1599.018,7.0,6.27,28.404020798888165,100.196
61,Georgia,Georgia,Europe,23.0,12.0,72.62,-0.4,40.0,0.0,52.0,3.0,87.6,0.4,75.3,1.5,86.5,-2.1,75.7,-4.2,80.5,-2.2,88.6,0,80.0,0.0,60.0,0.0,0.7,20.0,15.0,24.82503,28.698,Georgia,4.47,34.209,4.734,5.5682,7653.026,13.4,3.069,1279.146,35.088
62,Germany,Germany,Europe,17.0,8.0,74.37,0.6,90.0,0.0,79.0,1.0,61.5,0.7,41.3,1.2,90.0,1.8,50.6,-0.6,83.3,1.8,88.0,0,90.0,0.0,70.0,0.0,1.0,47.5,15.8,36.677,44.25022662365052,Germany,81.1,3721.551,1.607,2.0004,45888.423,5.0,0.788,1830.8919229804796,73.112
63,Ghana,Ghana,Sub-Saharan Africa,72.0,5.0,63.0,0.0,50.0,0.0,48.0,2.0,84.9,0.3,77.6,6.8,61.5,-1.0,56.5,-0.4,66.5,-2.7,65.0,0.2,60.0,-5.0,60.0,0.0,10.0,25.0,25.0,16.1,27.338,Ghana,26.216,108.259,4.16,8.286600000000002,4129.481,2.4,15.486,3356.99,67.555
64,Greece,Greece,Europe,138.0,41.0,53.21,-0.8,40.0,0.0,43.0,3.0,64.4,0.2,0.0,0.0,73.8,0.5,50.2,-1.4,77.7,-0.1,83.0,0,60.0,0.0,40.0,-10.0,1.0,42.0,26.0,33.512,60.14709630684918,Greece,10.993,284.255,0.774,-4.8012,25858.773,26.3,-1.425,2171.5970286481515,177.188
65,Guatemala,Guatemala,South and Central America / Caribbean,82.0,15.0,61.81,1.4,20.0,0.0,32.0,3.0,79.09,-0.5,94.3,0.2,62.5,7.8,50.9,0.3,77.9,1.1,86.4,1.8,65.0,0.0,50.0,0.0,1.8,31.0,31.0,13.0,13.772,Guatemala,15.87,119.077,4.0,3.5362,7503.474,2.9,3.419,1395.8,23.74
66,Guinea,Guinea,Sub-Saharan Africa,136.0,30.0,53.33,1.2,20.0,5.0,25.0,1.0,68.5,0.4,81.2,1.7,51.4,-0.2,71.8,-2.6,69.2,2.5,61.2,0,45.0,5.0,40.0,0.0,11.9,40.0,35.0,17.9,25.054,Guinea,11.403,14.974,0.398,2.4723999999999995,1313.097,1.8,9.721,566.0,37.444
67,Guinea-Bissau,GuineaBissau,Sub-Saharan Africa,145.0,35.0,51.81,-0.2,20.0,0.0,19.0,0.0,89.3275,0.2,94.1,6.1,36.7,-2.9,61.1,-0.6,78.5,1.0,59.4,-6,30.0,0.0,30.0,0.0,12.8,20.0,25.0,6.5,13.998,Guinea-Bissau,1.738,2.495,2.54,2.8194000000000004,1435.581,6.9,-1.032,21.459644226004468,61.007
68,Guyana,Guyana,South and Central America / Caribbean,127.0,22.0,55.37,-0.1,30.0,5.0,30.0,3.0,68.6675,0.0,73.1,2.3,63.0,-0.8,70.7,-3.8,77.4,-1.0,70.8,-1.2,40.0,-5.0,30.0,0.0,7.1,33.3,40.0,20.6,29.92,Guyana,0.8,5.514,3.828,4.7348,6895.476,11.1,1.021,255.23000000000002,65.806
69,Haiti,Haiti,South and Central America / Caribbean,150.0,24.0,51.3,0.0,10.0,0.0,19.0,0.0,80.5,0.2,76.4,0.2,47.1,4.0,62.0,-1.7,76.0,2.5,72.0,-5.6,40.0,0.0,30.0,0.0,6.5,30.0,30.0,12.2,28.018,Haiti,10.461,18.308,2.75,1.9817999999999998,1750.092,6.8,3.944,99.0,25.97
70,Honduras,Honduras,South and Central America / Caribbean,113.0,19.0,57.74,0.3,30.0,0.0,29.0,3.0,84.2,-0.7,72.0,-6.7,58.0,4.8,31.0,3.0,74.8,-0.6,78.4,0.8,60.0,0.0,60.0,0.0,5.8,25.0,25.0,18.1,30.55,Honduras,8.264,39.081,3.085,3.5146,4729.038,3.9,6.082,1144.1,46.145
71,Hong Kong SAR,HongKong,Asia-Pacific,1.0,1.0,88.55,-1.0,90.0,0.0,74.0,-1.0,92.6,-0.6,90.7,1.0,97.4,-2.6,89.0,-6.9,81.8,0.0,90.0,0,90.0,0.0,90.0,0.0,0.0,15.0,16.5,15.7,17.6,Hong Kong,7.264,397.507,2.318,3.6996,54722.118,3.2,4.424,103254.15781111363,6.942
72,Hungary,Hungary,Europe,58.0,26.0,66.01,-0.8,45.0,-10.0,54.0,0.0,78.7,0.0,26.7,0.8,70.6,-3.9,63.8,-3.9,88.3,9.1,88.0,0,75.0,0.0,70.0,0.0,1.0,16.0,19.0,38.923,49.445594192736,Hungary,9.877,246.354,3.635,1.2555999999999998,24942.158,7.8,-0.3,4039.3800829593915,76.892
73,Iceland,Iceland,Europe,20.0,10.0,73.34,1.3,90.0,0.0,79.0,1.0,73.3,1.3,42.1,9.5,90.1,-0.4,61.6,-0.6,79.5,2.5,87.8,-0.2,70.0,0.0,60.0,0.0,1.1,31.8,20.0,35.545,43.92890483521693,Iceland,0.326,14.21,1.751,1.0841999999999998,43637.27,5.0,2.044,436.08211224061597,82.071
74,India,India,Asia-Pacific,123.0,25.0,56.24,1.6,55.0,0.0,38.0,2.0,77.1,-2.3,78.1,-0.2,47.6,4.3,47.8,-0.9,72.8,7.5,71.0,6.4,35.0,0.0,40.0,0.0,7.0,30.9,32.44,16.7,27.006,India,1259.695,7375.898,7.168,7.2092,5855.306,3.6,5.993,34416.759534323566,64.958
75,Indonesia,Indonesia,Asia-Pacific,99.0,21.0,59.44,1.3,30.0,0.0,34.0,2.0,83.4,0.1,89.0,0.7,54.0,4.7,49.3,0.6,74.3,-0.6,80.4,5.6,40.0,0.0,60.0,0.0,2.3,30.0,25.0,11.80231,19.135,Indonesia,251.49,2676.081,5.025,5.8364,10640.901,6.2,6.395,22579.552,25.027
76,Iran,Iran,Middle East / North Africa,171.0,14.0,43.49,1.7,10.0,0.0,27.0,2.0,81.2,0.0,93.2,0.2,59.3,2.3,49.0,-2.3,50.6,1.9,54.6,13.2,0.0,0.0,10.0,0.0,15.2,35.0,25.0,5.8,15.021,Iran,77.969,1334.32,2.973,0.9558,17113.564,12.8,15.549,2105.494,12.166
77,Iraq,Iraq,Middle East / North Africa,,,,,,,16.0,0.0,,,29.7,-14.1,63.2,5.5,68.5,-5.9,75.0,1.4,,,,,,,,15.0,15.0,,48.412,Iraq,35.871,522.667,-2.399,6.4116,14570.805,16.4,2.239,4781.8,37.022
78,Ireland,Ireland,Europe,8.0,2.0,77.31,0.7,90.0,5.0,74.0,2.0,73.6,0.0,50.3,4.7,79.6,-2.5,72.1,-4.1,85.5,1.6,88.0,0,90.0,0.0,70.0,0.0,1.0,41.0,12.5,28.29,40.68308247474104,Ireland,4.61,226.768,4.782,1.4282,49194.773,11.6,0.305,7697.706476183147,109.464
79,Israel,Israel,Middle East / North Africa,35.0,4.0,70.7,0.2,75.0,0.0,60.0,-1.0,60.6,-1.3,48.8,1.0,70.6,-1.8,64.6,-2.5,84.2,2.6,88.2,-0.4,85.0,5.0,70.0,0.0,0.9,48.0,26.5,30.518,41.29829582337087,Israel,8.212,268.46,2.754,3.7880000000000003,32691.018,6.1,0.476,6431.605,68.822
80,Italy,Italy,Europe,86.0,36.0,61.17,-0.5,50.0,-5.0,43.0,0.0,55.8,1.6,22.1,-1.1,70.3,-1.6,53.0,-2.4,84.5,3.3,88.0,0,85.0,0.0,60.0,0.0,1.0,43.0,27.5,42.64,50.95506567446038,Italy,59.96,2127.743,-0.417,-0.5174,35486.171,12.5,0.217,11450.81908399681,132.109
81,Jamaica,Jamaica,South and Central America / Caribbean,48.0,8.0,67.46,-0.2,40.0,0.0,38.0,0.0,81.7,0.2,78.0,4.8,81.3,-4.6,72.7,-3.8,77.5,6.1,75.4,0.4,80.0,-5.0,50.0,0.0,7.3,25.0,25.0,24.0,27.081,Jamaica,2.799,24.097,0.524,0.04059999999999998,8609.281,13.2,7.087,550.764088734722,140.643
82,Japan,Japan,Asia-Pacific,22.0,6.0,73.09,-0.2,80.0,0.0,76.0,2.0,68.5,-0.2,46.2,-0.9,82.5,-1.6,83.9,-6.3,81.2,-5.5,82.6,0,70.0,0.0,60.0,10.0,1.2,40.8,23.9,30.3,42.34084787815927,Japan,127.061,4750.771,-0.059,1.5013999999999998,37389.785,3.7,2.739,2089.7635565623673,246.42
83,Jordan,Jordan,Middle East / North Africa,46.0,5.0,68.25,-1.0,60.0,0.0,49.0,4.0,91.7,-2.0,62.0,-8.7,64.9,5.8,68.4,-6.0,83.1,2.5,73.4,-6.2,70.0,0.0,60.0,0.0,8.3,14.0,20.0,15.3,35.591,Jordan,6.675,79.618,3.1,2.6955999999999998,11927.25,11.1,2.899,1760.4225352112678,89.331
84,Kazakhstan,Kazakhstan,Asia-Pacific,68.0,12.0,63.61,0.3,30.0,5.0,29.0,3.0,93.0,-0.2,87.7,2.7,72.3,-1.4,82.7,-4.3,74.0,-0.6,77.4,-1.6,40.0,0.0,50.0,0.0,3.8,10.0,20.0,13.99826,20.215,Kazakhstan,17.422,418.473,4.3,6.0200000000000005,24019.95,4.1,6.719,9562.04648425121,15.122
85,Kenya,Kenya,Sub-Saharan Africa,115.0,19.0,57.51,1.9,30.0,0.0,25.0,-2.0,79.4,1.4,80.8,8.7,48.6,0.7,62.2,-1.6,73.5,0.7,65.6,1.6,60.0,10.0,50.0,0.0,9.7,30.0,30.0,16.2,25.33,Kenya,42.927,132.406,5.275,5.999599999999999,3084.435,9.2,6.878,989.0,48.604
86,Kiribati,Kiribati,Asia-Pacific,165.0,38.0,46.22,-0.2,30.0,0.0,29.2,0.0,73.3,0.3,0.0,0.0,51.6,-5.2,83.9,0.0,81.0,0.4,58.2,2.8,25.0,0.0,30.0,0.0,15.9,35.0,35.0,14.9,96.582,Kiribati,0.11,0.188,3.802,1.673,1713.218,,2.086,1.1718468306050336,7.993
87,"Korea, North ",NorthKorea,Asia-Pacific,178.0,42.0,2.3,1.0,5.0,0.0,8.0,0.0,0.0,0.0,0.0,0.0,5.0,5.0,5.0,5.0,0.0,0.0,0.0,0,0.0,0.0,0.0,0.0,,100.0,100.0,100.0,100.0,"Korea, North",24.7,15.5,0.9,,,,,134.3333333,
88,"Korea, South",SouthKorea,Asia-Pacific,27.0,7.0,71.74,0.2,70.0,-5.0,55.0,0.0,73.8,1.3,69.7,1.8,91.1,1.4,50.6,-0.5,82.6,1.0,74.6,2,70.0,0.0,80.0,0.0,7.7,38.0,24.2,24.309,31.75996089112603,"Korea, South",50.424,1778.823,3.316,3.7516,35277.347,3.5,1.275,9898.5,35.716
89,Kuwait,Kuwait,Middle East / North Africa,74.0,7.0,62.69,0.2,45.0,0.0,44.0,1.0,97.7,0.0,57.7,-3.4,63.4,4.8,62.7,-1.5,74.2,0.2,77.2,1,55.0,0.0,50.0,0.0,3.9,0.0,15.0,0.7,37.532,Kuwait,3.999,283.976,1.299,3.3321999999999994,71020.254,3.0,2.941,485.8239719985802,7.138
90,Kyrgyz Republic,KyrgyzRepublic,Asia-Pacific,96.0,19.0,59.61,-1.7,20.0,0.0,27.0,3.0,93.7,0.1,56.3,3.1,65.3,-8.4,80.4,-4.6,68.4,-5.4,75.0,-5.2,60.0,0.0,50.0,0.0,2.5,10.0,10.0,20.81042,38.149,Kyrgyz Republic,5.7,19.159,3.603,3.7442,3361.179,8.1,7.534,210.51210000000003,53.035
91,Lao P.D.R.,Laos,Asia-Pacific,155.0,35.0,49.83,-1.6,15.0,0.0,25.0,-1.0,86.1,-0.1,73.8,-13.0,55.9,-3.6,57.6,0.5,71.3,-3.2,58.6,0,35.0,5.0,20.0,0.0,13.2,24.0,24.0,15.30062,29.553,Laos,6.898,34.4,7.406,7.888599999999999,4986.713,1.4,4.129,720.84,62.508
92,Latvia,Latvia,Europe,36.0,17.0,70.41,0.7,50.0,0.0,55.0,2.0,84.8,0.4,58.4,-0.8,78.6,-3.5,59.5,-2.0,84.8,1.0,88.0,0,85.0,0.0,60.0,10.0,1.0,23.0,15.0,27.7,37.24,Latvia,2.033,48.185,2.362,2.709,23706.557,10.0,0.693,473.5333333333333,37.792
93,Lebanon,Lebanon,Middle East / North Africa,98.0,10.0,59.52,0.2,20.0,0.0,27.0,-1.0,91.3475,0.0,75.7,5.1,59.1,4.4,57.3,-3.4,79.0,7.0,75.8,0,60.0,0.0,50.0,-10.0,7.1,20.0,15.0,15.5,28.478,Lebanon,4.51,81.122,2.0,3.2399999999999998,17985.863,6.4,1.854,3070.12,134.41
94,Lesotho,Lesotho,Sub-Saharan Africa,152.0,38.0,50.62,1.0,30.0,-5.0,49.0,0.0,59.1,-9.4,0.0,0.0,53.3,-1.4,62.1,-1.8,76.9,1.7,85.8,21.2,50.0,5.0,40.0,0.0,2.1,35.0,25.0,47.3,62.584,Lesotho,1.911,5.282,2.172,4.4719999999999995,2764.269,26.2,3.86,46.39,45.883
95,Liberia,Liberia,Sub-Saharan Africa,143.0,34.0,52.19,-0.5,25.0,0.0,37.0,-1.0,83.8,0.8,67.7,-2.2,55.1,-5.0,44.5,0.6,71.0,-1.7,72.8,-1.6,45.0,5.0,20.0,0.0,6.1,25.0,25.0,19.2,32.814,Liberia,4.187,3.691,0.505,6.1856,881.565,3.8,9.863,302.0,33.242
96,Libya,Libya,Middle East / North Africa,,,,,10.0,0.0,18.0,3.0,95.0,0.0,0.0,-37.5,55.5,8.7,63.1,-3.6,74.0,2.6,,,5.0,0.0,,,,10.0,20.0,0.7,69.786,Libya,6.213,97.58,-24.031,1.9694000000000016,15706.317,19.2,2.8,50.0,39.303
97,Liechtenstein,Liechtenstein,Europe,,,,,,,,,,,,,,,,,,,90.0,0,85.0,0.0,80.0,0.0,0.0,7.0,12.5,,,Liechtenstein,37624.0,5.8,1.8,,158976.0,2.3,-0.7,,
98,Lithuania,Lithuania,Europe,13.0,6.0,75.23,0.5,65.0,5.0,58.0,1.0,92.94,0.0,63.8,2.5,80.0,-4.9,60.0,-2.0,84.6,3.4,88.0,0,80.0,0.0,80.0,0.0,1.0,15.0,15.0,16.0,34.719,Lithuania,2.944,79.625,2.929,3.5515999999999996,27051.086,11.3,0.242,217.1373192990012,37.705
99,Luxembourg,Luxembourg,Europe,19.0,9.0,73.86,0.7,90.0,0.0,82.0,2.0,61.1,-1.2,43.0,0.8,73.7,2.4,42.6,0.5,83.2,2.5,88.0,0,95.0,0.0,80.0,0.0,1.0,43.6,21.0,39.335,43.57476565790765,Luxembourg,0.559,51.411,2.909,2.499,92048.548,6.1,0.698,7087.048297071524,24.608
100,Macau,Macau,Asia-Pacific,37.0,9.0,70.13,-0.2,60.0,0.0,49.7,0.0,73.11,1.3,93.9,2.1,60.0,0.0,50.0,0.0,69.6,-5.3,90.0,0,85.0,0.0,70.0,0.0,0.0,12.0,39.0,32.0,14.3,Macau,0.6,80.8,-0.4,13.7,139220.0,,6.0,3046.066985262541,0.0
101,Macedonia,Macedonia,Europe,47.0,22.0,67.47,0.4,35.0,0.0,45.0,1.0,92.1,0.7,69.6,4.0,76.4,-2.8,66.7,-4.0,83.5,4.5,86.4,0.2,60.0,0.0,60.0,0.0,1.8,10.0,10.0,24.2,31.821,Macedonia,2.069,27.622,3.768,2.3351999999999995,13348.782,27.9,-0.134,348.04884188520833,38.008
102,Madagascar,Madagascar,Sub-Saharan Africa,87.0,9.0,61.06,-0.6,45.0,0.0,28.0,0.0,91.1,0.2,93.4,-1.3,52.9,-9.4,48.5,3.4,74.5,-4.7,77.2,5.4,50.0,0.0,50.0,0.0,6.4,20.0,20.0,9.3,14.868,Madagascar,23.572,33.865,2.973,2.0264,1436.673,3.6,6.08,350.6954305789097,34.907
103,Malawi,Malawi,Sub-Saharan Africa,146.0,36.0,51.8,-3.0,40.0,0.0,33.0,-4.0,79.0,0.5,27.1,-21.9,44.5,-4.6,63.4,0.3,53.6,-0.2,72.4,0.2,55.0,0.0,50.0,0.0,3.8,30.0,30.0,17.4,49.306,Malawi,17.604,13.725,5.7,4.7332,779.686,7.5,23.785,130.03285546637937,62.018
104,Malaysia,Malaysia,Asia-Pacific,29.0,8.0,71.51,0.7,55.0,0.0,52.0,2.0,85.0,0.6,74.3,0.3,91.4,-2.1,71.5,-4.2,84.5,3.7,81.4,1.4,60.0,5.0,60.0,0.0,4.3,25.0,25.0,15.84149,29.294,Malaysia,30.262,746.078,6.021,5.8046,24654.19,2.0,3.143,10799.155784237639,56.95
105,Maldives,Maldives,Asia-Pacific,132.0,28.0,53.94,0.5,25.0,0.0,21.9,0.0,94.0,-1.5,60.8,10.2,81.5,-4.3,70.4,-3.0,73.0,-1.1,47.8,0,35.0,5.0,30.0,0.0,21.1,0.0,0.0,24.45735,36.133,Maldives,0.342,4.92,5.022,4.913200000000001,14383.263,11.6,2.457,363.269189,74.839
106,Mali,Mali,Sub-Saharan Africa,121.0,23.0,56.54,0.1,25.0,0.0,32.0,4.0,70.3,0.7,82.8,-6.4,46.3,-0.9,50.8,0.1,83.0,1.9,70.2,-3,65.0,5.0,40.0,0.0,7.4,40.0,35.0,12.2,23.911,Mali,15.791,27.308,6.827,3.4262,1729.371,8.1,0.888,198.92733928464003,31.489
107,Malta,Malta,Europe,55.0,24.0,66.7,0.2,70.0,-5.0,55.0,-1.0,63.94,0.8,46.5,2.1,61.6,0.6,53.5,-2.1,83.5,1.7,88.0,0,85.0,5.0,60.0,0.0,1.0,35.0,35.0,34.0,42.217,Malta,0.425,14.129,3.55,2.9118000000000004,33215.604,5.9,0.77,9278.884641868251,68.131
108,Mauritania,Mauritania,Sub-Saharan Africa,128.0,25.0,54.8,1.5,25.0,0.0,30.0,0.0,81.6,1.4,75.3,15.5,48.7,-1.8,50.7,-1.4,77.7,1.1,69.0,0,50.0,0.0,40.0,0.0,8.0,30.0,25.0,17.7,28.718,Mauritania,3.621,15.528,6.42,5.4444,4287.872,31.0,3.523,492.4568181818182,59.108
109,Mauritius,Mauritius,Sub-Saharan Africa,15.0,1.0,74.73,-1.7,60.0,-5.0,54.0,2.0,92.0,0.1,81.5,-5.9,77.5,-0.5,65.0,-3.2,78.7,1.1,88.6,0.2,80.0,-5.0,70.0,0.0,0.7,15.0,15.0,18.6,24.861,Mauritius,1.259,23.357,3.244,3.5286,18553.38,7.7,2.965,418.4301277529587,52.814
110,Mexico,Mexico,North America,62.0,3.0,65.18,-1.2,50.0,0.0,35.0,1.0,74.9,-2.9,76.4,-1.6,70.7,-0.8,58.2,-1.7,77.4,-0.2,79.2,-6.4,70.0,0.0,60.0,0.0,5.4,35.0,30.0,19.678,28.054,Mexico,119.715,2140.564,2.125,3.3356000000000003,17880.512,4.9,4.019,22794.697,50.084
111,Micronesia,Micronesia,Asia-Pacific,147.0,32.0,51.75,2.2,30.0,0.0,30.0,0.0,93.2,0.0,0.0,0.0,57.5,6.5,79.1,0.0,82.1,5.2,85.6,4.6,30.0,5.0,30.0,0.0,2.2,10.0,21.0,11.6,59.583,Micronesia,0.104,0.312,0.081,0.24520000000000008,3014.723,,0.673,0.8,26.539
112,Moldova,Moldova,Europe,117.0,40.0,57.4,-0.1,40.0,0.0,35.0,0.0,85.3975,0.3,55.6,3.8,64.6,-2.2,39.3,-1.3,76.0,-0.1,73.6,-6.2,55.0,5.0,50.0,0.0,5.7,18.0,12.0,31.5,38.476,Moldova,3.558,17.715,4.6,5.4354,4979.33,3.4,5.058,207.39,31.492
113,Mongolia,Mongolia,Asia-Pacific,100.0,22.0,59.35,0.2,30.0,0.0,39.0,1.0,84.4,0.5,51.5,15.9,67.7,-0.5,77.9,-4.8,68.0,-1.2,70.0,-4.8,45.0,-5.0,60.0,0.0,5.0,10.0,25.0,28.81646,40.216,Mongolia,2.925,34.76,7.824,13.988800000000001,11881.802,4.8,12.907,507.55899999999997,67.3
114,Montenegro,Montenegro,Europe,65.0,31.0,64.94,0.2,40.0,0.0,42.0,-2.0,91.62,-1.0,39.8,3.1,76.6,-0.5,72.0,-5.5,82.6,2.9,84.8,0,70.0,5.0,50.0,0.0,2.6,9.0,9.0,26.0,44.783,Montenegro,0.624,9.36,1.129,1.5226,14995.769,19.1,-0.733,496.9971377321618,58.37
115,Morocco,Morocco,Middle East / North Africa,85.0,9.0,61.27,1.2,40.0,0.0,39.0,2.0,71.5,0.6,65.6,4.6,66.4,-2.4,34.3,0.9,84.1,2.2,81.8,3.6,70.0,0.0,60.0,0.0,4.1,38.0,30.0,22.4,33.881,Morocco,33.179,252.366,2.922,3.7201999999999997,7606.2,10.2,0.443,3582.2962192821133,63.889
116,Mozambique,Mozambique,Sub-Saharan Africa,139.0,31.0,53.19,-1.6,30.0,0.0,31.0,1.0,74.3,-0.9,63.5,-3.0,55.9,-5.0,41.9,4.0,79.5,-2.5,70.8,-4.6,35.0,-5.0,50.0,0.0,7.1,32.0,32.0,22.9,34.898,Mozambique,26.491,31.099,7.373,7.2896,1173.961,22.6,2.287,4901.843477722213,55.404
117,Namibia,Namibia,Sub-Saharan Africa,81.0,8.0,61.85,2.3,30.0,0.0,49.0,1.0,64.4,-2.3,63.9,7.9,68.2,3.9,84.5,-6.4,75.1,0.8,83.4,12.2,60.0,5.0,40.0,0.0,0.8,37.0,34.0,32.1,34.69,Namibia,2.191,23.581,5.3,5.348000000000001,10764.668,18.6,5.348,413.6963152026684,25.19
118,Nepal,Nepal,Asia-Pacific,151.0,34.0,50.88,-0.4,30.0,0.0,29.0,-2.0,85.1,-0.5,91.1,2.2,64.9,-0.8,47.3,3.0,70.8,0.3,55.6,-6.2,5.0,0.0,30.0,0.0,14.7,25.0,25.0,15.33537,17.237,Nepal,28.109,66.775,5.476,4.469399999999999,2375.578,2.7,9.042,29.560675167828347,26.257
119,Netherlands,Netherlands,Europe,16.0,7.0,74.55,0.9,90.0,0.0,83.0,0.0,52.7,0.9,34.4,10.6,80.0,-4.3,64.0,-2.3,83.4,3.6,88.0,0,90.0,0.0,80.0,0.0,1.0,52.0,25.0,37.4,46.77959419661086,Netherlands,16.864,798.587,0.875,0.25959999999999994,47354.525,6.9,0.317,30253.2946104114,68.305
120,New Zealand,NewZealand,Asia-Pacific,3.0,3.0,81.56,-0.5,95.0,0.0,91.0,0.0,71.0,0.6,46.0,3.0,91.4,-4.1,85.9,-5.5,88.1,0.5,87.2,0.4,80.0,0.0,80.0,0.0,1.4,33.0,28.0,32.091,42.426317971444085,New Zealand,4.519,158.864,3.239,2.2455999999999996,35151.754,5.6,1.228,3391.2646729437142,33.984
121,Nicaragua,Nicaragua,South and Central America / Caribbean,109.0,18.0,58.59,1.0,10.0,0.0,28.0,0.0,78.0,-0.4,82.8,6.2,61.2,3.2,55.7,-1.0,69.0,1.2,86.2,0.8,65.0,0.0,50.0,0.0,1.9,30.0,30.0,20.0,23.955,Nicaragua,6.223,29.474,4.538,4.687800000000001,4736.485,5.3,6.036,840.0,32.225
122,Niger,Niger,Sub-Saharan Africa,129.0,26.0,54.26,-0.3,30.0,0.0,35.0,1.0,76.3,-0.3,76.8,-6.8,39.6,0.4,42.3,1.4,83.0,1.7,64.6,-1,55.0,0.0,40.0,0.0,10.2,35.0,30.0,15.8,27.824,Niger,17.116,17.937,6.902,6.7806,1047.954,5.1,-0.937,768.9853157153465,36.426
123,Nigeria,Nigeria,Sub-Saharan Africa,116.0,20.0,57.46,1.9,30.0,0.0,27.0,2.0,85.1,-0.1,94.6,18.5,48.7,0.4,72.9,-4.8,71.5,1.1,64.8,1,40.0,0.0,40.0,0.0,10.1,24.0,30.0,3.1,13.406,Nigeria,173.938,1049.091,6.31,6.167799999999999,6031.42,7.5,8.057,4693.83,10.501
124,Norway,Norway,Europe,32.0,16.0,70.81,-1.0,90.0,0.0,86.0,0.0,53.2,1.1,41.8,-2.0,89.6,-2.5,48.5,0.3,76.2,-5.5,87.8,-1.6,75.0,0.0,60.0,0.0,1.1,47.8,27.0,40.78,44.03941474210941,Norway,5.156,345.16,2.235,1.4594,66937.46,3.4,2.025,8682.460363681374,30.124
125,Oman,Oman,Middle East / North Africa,52.0,6.0,67.08,0.4,55.0,0.0,45.0,-2.0,98.5,0.0,36.8,-7.4,70.1,1.7,72.5,-3.6,77.9,1.7,85.0,8.2,70.0,5.0,60.0,0.0,2.5,0.0,12.0,2.6,45.909,Oman,4.092,162.371,2.948,4.4605999999999995,39680.521,7.2,1.011,1179.933,5.136
126,Pakistan,Pakistan,Asia-Pacific,126.0,26.0,55.9,0.3,30.0,0.0,29.0,1.0,79.0,1.3,86.2,0.1,61.2,-4.4,42.1,0.0,71.5,0.3,65.0,-0.6,55.0,5.0,40.0,0.0,10.0,30.0,33.0,10.5,21.416,Pakistan,186.289,882.313,4.139,3.5753999999999997,4736.254,5.2,8.621,1747.0,64.219
127,Panama,Panama,South and Central America / Caribbean,66.0,13.0,64.8,0.7,30.0,0.0,37.0,2.0,84.4,-0.1,77.9,-0.9,74.4,2.9,42.9,1.4,78.6,2.2,77.8,-0.6,75.0,0.0,70.0,0.0,6.1,25.0,25.0,17.7,27.172,Panama,3.928,76.416,6.2,8.711400000000001,19455.422,4.3,2.63,4718.900000000001,45.581
128,Papua New Guinea,PapuaNewGuinea,Asia-Pacific,140.0,30.0,53.15,0.1,20.0,0.0,25.0,0.0,67.3,0.4,76.2,7.5,59.9,6.4,71.9,-2.6,70.6,-2.1,85.6,0.6,25.0,-10.0,30.0,0.0,2.2,42.0,30.0,24.67741,28.154,Papua New Guinea,7.53,18.066,5.837,7.561400000000001,2399.265,2.5,5.307,-30.389456321250684,35.599
129,Paraguay,Paraguay,South and Central America / Caribbean,83.0,16.0,61.46,0.4,30.0,0.0,24.0,0.0,96.3,0.3,83.3,1.4,62.6,4.2,30.4,4.1,76.8,-1.5,76.2,-5.2,75.0,0.0,60.0,0.0,4.4,10.0,10.0,13.1,23.576,Paraguay,6.901,58.301,4.388,6.961799999999999,8448.581,4.5,5.041,236.27200000000002,21.422
130,Peru,Peru,South and Central America / Caribbean,49.0,9.0,67.4,-0.3,40.0,0.0,38.0,0.0,78.5,-0.1,86.1,-2.4,67.8,0.1,62.9,-0.5,83.7,-0.2,87.0,0,70.0,0.0,60.0,0.0,1.5,30.0,30.0,18.6,21.544,Peru,31.424,371.344,2.351,5.7954,11817.042,4.2,3.246,7606.632,20.708
131,Philippines,Philippines,Asia-Pacific,70.0,14.0,63.08,0.9,30.0,0.0,38.0,2.0,79.0,-0.1,89.6,0.3,63.0,7.7,57.1,-1.1,77.7,-1.1,76.4,1,60.0,0.0,60.0,0.0,4.3,32.0,30.0,13.3,18.632,Philippines,99.434,692.223,6.096,6.274,6961.63,7.1,4.174,6200.529,37.228
132,Poland,Poland,Europe,39.0,18.0,69.29,0.7,65.0,5.0,61.0,1.0,75.5,-6.6,46.5,-0.6,68.7,1.4,58.0,-2.4,85.2,3.9,88.0,0,75.0,5.0,70.0,0.0,1.0,32.0,19.0,32.7,42.21384168485704,Poland,38.018,954.454,3.302,3.0383999999999993,25105.404,9.2,-0.025,13882.848212417659,48.814
133,Portugal,Portugal,Europe,64.0,30.0,65.08,-0.2,70.0,0.0,63.0,1.0,60.5,-0.6,24.8,-4.0,85.3,-2.2,43.5,0.6,85.7,2.9,88.0,0,70.0,0.0,60.0,0.0,1.0,48.0,23.0,33.439,50.07092069042428,Portugal,10.393,280.36,0.903,-0.9315999999999999,26974.632,14.2,-0.158,8807.147377512665,130.183
134,Qatar,Qatar,Middle East / North Africa,34.0,3.0,70.71,-0.1,65.0,-5.0,69.0,1.0,99.7,0.0,70.4,-1.5,71.4,0.9,70.7,-0.5,74.1,-5.6,81.8,0,45.0,0.0,60.0,10.0,4.1,0.0,0.0,5.2,31.406,Qatar,2.235,320.544,6.14,9.651,143426.975,0.3,3.039,1040.3846153846152,31.488
135,Romania,Romania,Europe,61.0,29.0,65.64,-1.0,35.0,-5.0,43.0,0.0,87.5,0.6,65.6,3.3,66.1,-3.7,65.1,-3.5,81.1,3.8,88.0,0,75.0,-5.0,50.0,0.0,1.0,16.0,16.0,27.2,33.848,Romania,19.926,392.773,2.9,1.4378,19711.629,7.0,1.076,3234.0071776270315,40.379
136,Russia,Russia,Europe,153.0,42.0,50.55,-1.5,20.0,0.0,27.0,-1.0,82.2,-3.9,56.2,-1.6,72.2,-4.1,57.6,-1.3,62.9,-1.0,72.4,-2.6,25.0,0.0,30.0,0.0,6.3,13.0,20.0,34.8,38.207,Russia,143.7,3564.549,0.622,2.8244000000000002,24805.494,5.1,7.824,20957.656,17.92
137,Rwanda,Rwanda,Sub-Saharan Africa,71.0,4.0,63.07,-1.7,30.0,0.0,49.0,-4.0,80.1,-0.1,77.1,-2.1,60.5,1.0,82.0,-2.5,79.4,3.4,67.6,-13.2,65.0,0.0,40.0,0.0,8.7,30.0,30.0,13.9,27.622,Rwanda,11.096,18.844,7.007,6.845599999999999,1698.307,0.6,1.784,267.7,27.997
138,Saint. Lucia,SaintLucia,South and Central America / Caribbean,38.0,4.0,69.96,-0.2,70.0,0.0,71.0,0.0,76.9,-0.8,70.6,4.8,77.6,2.0,76.2,-3.6,80.3,-5.2,72.0,0,65.0,0.0,40.0,0.0,9.0,30.0,30.0,22.6,31.292,St. Lucia,0.17,1.97,-1.108,0.025399999999999957,11593.508,,2.456,75.17408599470495,83.875
139,Saint. Vincent and the Grenadines,SaintVincentGrenadines,South and Central America / Caribbean,40.0,5.0,68.83,0.8,70.0,0.0,67.0,5.0,73.8,0.5,69.7,-5.6,77.6,6.8,74.5,-3.7,85.3,3.0,65.4,-3,65.0,5.0,40.0,0.0,12.3,32.5,33.0,21.7,31.783,St. Vincent and the Grenadines,0.11,1.184,1.094,0.48480000000000006,10778.005,,0.196,138.55938592592594,75.069
140,Samoa,Samoa,Asia-Pacific,69.0,13.0,63.54,1.6,60.0,0.0,52.0,14.0,78.9,-1.3,57.5,11.0,77.1,3.5,71.8,-6.6,82.5,1.3,70.6,-5.2,55.0,0.0,30.0,0.0,9.7,27.0,27.0,25.59152,37.647,Samoa,0.192,0.994,1.901,1.1764,5179.574,,-1.2,22.856457176308123,54.978
141,São Tomé and Príncipe,SaoTomePrincipe,Sub-Saharan Africa,120.0,22.0,56.71,3.4,25.0,0.0,42.0,0.0,87.4,-0.4,70.1,28.7,65.9,0.8,46.1,0.3,67.6,-3.1,73.0,-2.2,60.0,10.0,30.0,0.0,8.5,20.0,25.0,15.2,31.586,São Tomé and Príncipe,0.198,0.624,4.5,4.4454,3153.008,,6.988,19.94,68.231
142,Saudi Arabia,SaudiArabia,Middle East / North Africa,78.0,8.0,62.09,0.0,40.0,0.0,49.0,3.0,99.7,0.0,56.8,-5.1,69.9,4.1,68.5,-4.2,69.2,0.8,77.8,1.4,40.0,0.0,50.0,0.0,3.6,2.5,2.5,4.3,37.967,Saudi Arabia,30.77,1605.703,3.594,5.2738,52183.398,5.6,2.685,8012.0,1.57
143,Senegal,Senegal,Sub-Saharan Africa,111.0,18.0,58.09,0.3,40.0,0.0,43.0,2.0,71.6,0.3,76.1,1.5,49.1,-5.5,42.4,2.9,84.9,1.9,73.8,-0.2,60.0,0.0,40.0,0.0,8.1,40.0,30.0,18.4,28.246,Senegal,14.54,33.606,4.545,3.4454000000000002,2311.342,10.0,-0.532,342.65007187121074,50.708
144,Serbia,Serbia,Europe,77.0,33.0,62.11,2.1,50.0,5.0,41.0,-1.0,84.3,1.9,44.1,17.0,60.2,2.4,66.2,-4.2,77.5,5.3,77.8,-0.4,70.0,-5.0,50.0,0.0,6.1,15.0,15.0,33.4,43.172,Serbia,7.164,95.492,-1.813,0.3458,13329.148,22.2,2.082,1996.137879429133,72.414
145,Seychelles,Seychelles,Sub-Saharan Africa,76.0,6.0,62.2,4.7,50.0,0.0,55.0,1.0,79.2975,-0.5,62.0,2.6,66.0,-1.7,62.1,-1.8,79.7,3.7,83.4,39.4,55.0,5.0,30.0,0.0,3.3,15.0,33.0,27.5,35.571,Seychelles,0.094,2.406,2.935,5.8876,25607.451,,1.394,228.7,64.569
146,Sierra Leone,SierraLeone,Sub-Saharan Africa,142.0,33.0,52.31,0.6,10.0,0.0,31.0,1.0,81.2,0.4,92.6,5.1,49.9,-3.5,43.2,1.6,70.8,2.3,69.4,-0.8,55.0,0.0,20.0,0.0,10.3,30.0,30.0,8.8,15.677,Sierra Leone,6.232,12.63,6.043,10.5366,2026.522,3.3,8.301,439.9,38.838
147,Singapore,Singapore,Asia-Pacific,2.0,2.0,87.78,-1.6,90.0,0.0,84.0,-2.0,91.2,0.0,90.1,-3.7,95.0,-1.9,90.7,-6.2,81.8,-1.9,90.0,0,85.0,0.0,80.0,0.0,0.0,20.0,17.0,13.8,18.2,Singapore,5.47,452.686,2.918,6.4444,82762.146,3.0,1.025,67522.98646462255,98.751
148,Slovak Republic,Slovakia,Europe,56.0,25.0,66.55,-0.6,50.0,0.0,50.0,3.0,80.1,-0.7,49.5,-5.6,68.4,-1.2,55.0,-1.5,79.5,4.0,88.0,0,75.0,-5.0,70.0,0.0,1.0,25.0,22.0,29.627,41.026448165356214,Slovakia,5.417,152.634,2.41,2.5938000000000003,28175.34,13.3,-0.102,478.7477229940124,54.024
149,Slovenia,Slovenia,Europe,90.0,37.0,60.63,0.3,60.0,0.0,58.0,1.0,58.6,0.5,0.0,0.0,82.0,0.8,55.4,-1.7,84.3,3.0,88.0,0,70.0,0.0,50.0,0.0,1.0,50.0,17.0,36.812,59.9291023635311,Slovenia,2.061,61.127,2.636,0.1666,29657.783,9.5,0.211,1564.2910288858368,82.873
150,Solomon Islands,SolomonIslands,Asia-Pacific,161.0,37.0,46.98,0.0,30.0,0.0,25.0,0.0,61.4,0.3,25.2,-0.5,68.5,0.8,66.2,-2.4,75.5,1.2,73.0,0,15.0,0.0,30.0,0.0,8.5,40.0,30.0,36.94517,49.923,Solomon Islands,0.575,1.09,1.492,5.799200000000001,1895.093,3.9,5.075,23.707682778363036,13.395
151,South Africa,SouthAfrica,Sub-Saharan Africa,80.0,7.0,61.9,-0.7,50.0,0.0,44.0,2.0,70.1,0.6,69.9,1.7,69.7,-3.3,58.7,-2.9,74.6,-0.3,77.0,0.4,45.0,-5.0,60.0,0.0,4.0,40.0,28.0,24.7,31.693,South Africa,54.002,704.514,1.525,2.4418,13046.069,25.1,6.067,5712.311222092198,45.866
152,Spain,Spain,Europe,43.0,20.0,68.48,0.9,70.0,0.0,60.0,1.0,58.3,5.2,41.1,1.3,76.0,-1.5,51.7,-0.9,84.7,3.4,88.0,0,85.0,0.0,70.0,0.0,1.0,47.0,30.0,32.579,44.297313809533335,Spain,46.464,1566.369,1.389,-0.5063999999999999,33711.409,24.7,-0.18,22904.1196023515,97.675
153,Sri Lanka,SriLanka,Asia-Pacific,93.0,17.0,59.88,1.3,40.0,5.0,38.0,1.0,85.1,0.1,90.0,1.6,70.3,-2.2,56.5,-2.2,71.5,3.3,72.4,0.8,35.0,5.0,40.0,0.0,6.3,24.0,28.0,11.59684,18.257,Sri Lanka,20.964,217.445,7.4,7.460600000000001,10372.184,4.6,3.268,944.247,75.876
154,Sudan,Sudan,Sub-Saharan Africa,,,,,,,11.0,0.0,86.4,0.0,94.8,0.3,48.8,-0.2,43.5,-0.3,46.7,-6.1,50.6,-5,10.0,-5.0,,,14.7,10.0,35.0,6.1,13.11,Sudan,37.289,159.123,3.391,1.0948,4267.257,14.8,36.907,1277.3663669778346,74.238
155,Suriname,Suriname,South and Central America / Caribbean,134.0,23.0,53.79,-0.4,30.0,-5.0,36.0,0.0,69.4,0.1,70.3,-3.5,48.8,6.6,76.3,-5.6,78.7,1.5,68.4,2.2,30.0,0.0,30.0,0.0,10.8,38.0,36.0,17.9,31.476,Suriname,0.553,9.188,2.9,4.2608,16623.434,5.6,3.377,4.2,34.099
156,Swaziland,Swaziland,Sub-Saharan Africa,94.0,11.0,59.65,-0.2,40.0,0.0,43.0,4.0,70.9,-5.5,64.9,-3.7,58.6,-1.9,65.8,-3.5,74.5,0.6,88.8,12.8,50.0,-5.0,40.0,0.0,0.6,33.0,27.5,32.6,34.226,Swaziland,1.106,8.621,1.707,1.5272000000000001,7797.365,22.3,5.789,12.715729726243238,16.235
157,Sweden,Sweden,Europe,26.0,14.0,71.96,-0.7,90.0,0.0,87.0,-2.0,44.4,1.4,14.9,-4.3,89.7,1.8,53.5,-0.5,87.1,1.6,88.0,0,85.0,-5.0,80.0,0.0,1.0,57.0,22.0,42.78,53.24838761670574,Sweden,9.747,448.246,2.136,2.357,45986.383,8.0,-0.18,10036.176644638073,41.501
158,Switzerland,Switzerland,Europe,4.0,1.0,81.03,0.5,90.0,0.0,86.0,1.0,70.9,0.6,66.3,1.2,82.2,4.1,72.1,-3.2,87.8,1.5,90.0,0,85.0,0.0,80.0,0.0,0.0,40.0,24.0,27.052,33.519380528228226,Switzerland,8.14,472.83,1.993,1.9609999999999999,58087.211,4.5,-0.012,21914.313251854768,46.093
159,Syria,Syria,Middle East / North Africa,,,,,10.0,0.0,20.0,3.0,,,,,62.4,5.1,46.9,-2.2,42.7,,56.6,,0.0,0.0,20.0,0.0,14.2,22.0,28.0,,,Syria,18.1,73.0,0.4,,4020.0,,29.2,,
160,Taiwan ,Taiwan,Asia-Pacific,14.0,5.0,74.74,-0.4,70.0,0.0,61.0,0.0,76.1,-4.3,88.7,1.6,93.2,0.8,53.8,-1.4,83.2,-0.1,86.4,0,75.0,0.0,60.0,0.0,1.8,45.0,17.0,8.7,19.391,Taiwan,23.434,1074.525,3.74,4.494400000000001,45853.742,4.0,1.196,2839.0,37.642
161,Tajikistan,Tajikistan,Asia-Pacific,149.0,33.0,51.33,-1.4,20.0,0.0,23.0,1.0,91.6,-0.5,76.9,-5.0,61.1,-4.3,47.3,0.9,69.8,0.2,68.6,-6,25.0,0.0,30.0,0.0,5.7,13.0,15.0,21.04061,27.749,Tajikistan,8.302,22.321,6.7,7.1,2688.481,10.9,6.061,262.663,28.182
162,Tanzania,Tanzania,Sub-Saharan Africa,110.0,17.0,58.46,1.0,25.0,-5.0,31.0,-2.0,79.2,-0.7,88.4,9.1,47.5,2.5,62.6,1.2,67.7,-2.0,73.2,6.2,60.0,0.0,50.0,0.0,8.4,30.0,30.0,16.8,19.685,Tanzania,47.665,127.109,7.235,6.7874,2666.714,3.1,6.133,2141.6,33.227
163,Thailand,Thailand,Asia-Pacific,67.0,11.0,63.86,1.5,40.0,0.0,38.0,3.0,81.1,-0.4,82.2,0.8,76.3,3.8,62.5,-1.0,70.9,1.0,77.6,2.2,50.0,5.0,60.0,0.0,6.2,35.0,20.0,16.16474,24.329,Thailand,68.657,985.516,0.711,3.595999999999999,14354.297,0.9,1.895,12565.72919777062,47.168
164,Timor-Leste,TimorLeste,Asia-Pacific,167.0,40.0,45.76,0.3,20.0,0.0,28.0,-2.0,64.7,0.0,0.0,0.0,68.0,8.2,66.0,-6.0,70.9,2.2,80.0,0.4,40.0,0.0,20.0,0.0,2.5,10.0,10.0,318.1,110.5,Timor-Leste,1.231,6.066,6.56,8.769000000000002,4927.965,4.7,2.486,33.905,0.0
165,Togo,Togo,Sub-Saharan Africa,135.0,29.0,53.64,0.1,30.0,0.0,29.0,0.0,68.6575,-1.0,80.4,2.3,51.4,-0.5,46.2,2.8,79.5,-0.9,71.2,3.4,50.0,0.0,30.0,0.0,9.4,45.0,27.0,19.5,25.543,Togo,6.998,10.144,5.2,5.0746,1449.656,6.9,0.139,292.0855152048381,54.653
166,Tonga,Tonga,Asia-Pacific,95.0,18.0,59.63,0.3,25.0,5.0,28.6,0.0,86.86,-0.3,76.3,-2.7,76.4,2.3,86.1,-6.0,77.4,3.9,79.6,1.2,40.0,0.0,20.0,0.0,5.2,20.0,25.0,17.0,28.095,Tonga,0.102,0.5,2.315,1.059,4882.558,,1.332,56.04379538329083,42.9
167,Trinidad and Tobago,TrinidadTobago,South and Central America / Caribbean,73.0,14.0,62.91,-1.2,50.0,0.0,38.0,0.0,79.4,0.4,62.3,-7.0,69.5,4.2,72.8,-3.8,68.5,-5.8,78.6,0,60.0,0.0,50.0,0.0,5.7,25.0,25.0,28.4,35.46,Trinidad and Tobago,1.351,43.415,1.089,0.8218,32139.366,4.0,7.042,2423.0,37.645
168,Tunisia,Tunisia,Middle East / North Africa,114.0,11.0,57.55,-0.1,40.0,0.0,40.0,-1.0,74.0,-0.3,73.4,2.6,81.3,0.1,64.0,-5.1,75.6,0.8,62.2,1,35.0,0.0,30.0,0.0,13.9,35.0,30.0,21.7,29.793,Tunisia,10.998,124.274,2.3,1.8008000000000002,11299.939,13.3,4.924,1060.2704867819612,47.465
169,Turkey,Turkey,Europe,79.0,34.0,62.07,-1.1,40.0,-5.0,45.0,-5.0,75.2,-0.9,55.6,-2.0,65.4,4.4,48.6,-1.6,71.5,-0.9,84.4,-0.2,75.0,0.0,60.0,0.0,2.8,35.0,20.0,29.306,38.462,Turkey,76.903,1508.102,2.898,5.415799999999999,19610.445,9.2,8.855,12146.0,33.489
170,Turkmenistan,Turkmenistan,Asia-Pacific,174.0,41.0,41.89,0.5,5.0,0.0,17.0,0.0,95.3,1.3,92.2,-1.3,30.0,0.0,20.0,0.0,69.4,5.2,80.0,0,0.0,0.0,10.0,0.0,0.0,10.0,8.0,17.4,16.126,Turkmenistan,5.796,82.094,10.322,11.0936,14165.032,10.5,5.951,3163.5,16.786
171,Uganda,Uganda,Sub-Saharan Africa,102.0,13.0,59.26,-0.4,25.0,0.0,26.0,0.0,73.2,-0.1,91.5,2.5,40.3,-3.0,83.7,-3.8,80.1,3.8,72.8,-3.8,60.0,0.0,40.0,0.0,8.6,40.0,30.0,13.4,16.803,Uganda,38.04,76.938,4.898,5.1806,2022.571,3.8,4.668,1146.5600825096296,30.381
172,Ukraine,Ukraine,Europe,162.0,44.0,46.76,-0.1,25.0,5.0,26.0,1.0,78.6,-0.1,30.6,2.6,56.8,-2.5,47.9,-0.3,66.9,-11.7,85.8,0,20.0,5.0,30.0,0.0,2.1,20.0,18.0,37.6,48.11,Ukraine,42.775,370.786,-6.83,-0.1782,8668.331,7.7,12.1,410.0,71.213
173,United Arab Emirates,UnitedArabEmirates,Middle East / North Africa,25.0,2.0,72.55,0.2,55.0,0.0,70.0,1.0,95.0,-4.5,76.1,-9.7,79.6,4.9,80.7,-3.1,81.3,-2.5,82.8,0.4,45.0,5.0,60.0,10.0,3.6,0.0,0.0,22.4,28.2,United Arab Emirates,9.302,599.763,3.605,4.0006,64478.672,3.6,2.345,10065.79990410759,12.071
174,United Kingdom,UnitedKingdom,Europe,10.0,4.0,76.41,0.6,90.0,0.0,78.0,2.0,64.9,2.0,39.0,8.7,86.0,-5.1,71.8,-3.8,76.4,2.0,88.0,0,90.0,0.0,80.0,0.0,1.0,45.0,20.0,32.88,45.07524858124523,United Kingdom,64.511,2548.889,2.553,1.6865999999999999,39510.937,6.3,1.46,72240.96226942886,89.54
175,United States,UnitedStates,North America,11.0,2.0,75.44,-0.8,80.0,0.0,74.0,1.0,65.6,-0.6,54.7,2.9,84.7,-4.1,91.4,-7.1,77.0,0.4,87.0,0,70.0,0.0,70.0,0.0,1.5,39.6,35.0,25.444,38.867727612930544,United States,319.047,17418.925,2.389,2.2125999999999997,54596.653,6.2,1.61,92397.0,104.77
176,Uruguay,Uruguay,South and Central America / Caribbean,41.0,6.0,68.75,0.2,70.0,0.0,73.0,0.0,77.2,0.1,67.6,2.5,75.3,2.7,62.5,-1.8,71.3,-0.3,80.6,-1.2,80.0,0.0,30.0,0.0,4.7,30.0,25.0,27.4,32.864,Uruguay,3.404,69.978,3.317,5.427,20556.325,7.0,8.877,2754.5000000000005,62.78
177,Uzbekistan,Uzbekistan,Asia-Pacific,166.0,39.0,46.02,-1.0,15.0,0.0,18.0,1.0,90.4,0.2,66.6,-0.7,67.1,-6.0,61.9,-2.3,65.6,2.1,65.6,-4.2,0.0,0.0,10.0,0.0,7.2,22.0,9.0,19.86815,33.389,Uzbekistan,30.604,171.669,8.1,8.22,5609.374,10.6,8.42,751.4339108,8.46
178,Vanuatu,Vanuatu,Asia-Pacific,89.0,15.0,60.84,-0.3,40.0,0.0,33.5,0.0,97.0,-0.2,86.1,2.3,51.8,0.3,47.7,1.3,78.3,-4.6,74.0,-1.4,60.0,0.0,40.0,0.0,5.5,0.0,0.0,17.2,21.53,Vanuatu,0.263,0.685,2.9,1.8956,2608.119,,1.016,-22.28075730674957,18.478
179,Venezuela,Venezuela,South and Central America / Caribbean,176.0,28.0,33.74,-0.6,5.0,0.0,19.0,-1.0,74.9,-0.1,56.7,4.7,45.3,3.7,29.5,5.3,33.8,-9.0,63.2,0.4,0.0,0.0,10.0,-10.0,8.4,34.0,34.0,13.9,38.013,Venezuela,30.457,538.922,-4.0,1.1312000000000002,17694.52,8.6,62.169,320.0,45.624
180,Vietnam,Vietnam,Asia-Pacific,131.0,27.0,53.99,2.3,15.0,0.0,31.0,0.0,79.3,0.2,75.1,-2.0,58.3,-3.2,62.6,-0.3,70.6,3.8,83.0,4.4,25.0,10.0,40.0,10.0,3.5,35.0,22.0,18.9,28.782,Vietnam,90.63,510.689,5.98,5.8622,5634.905,2.3,4.1,9200.0,58.734
181,Yemen,Yemen,Middle East / North Africa,,,,,30.0,0.0,19.0,1.0,,,,,51.9,-2.1,54.4,-2.7,71.0,2.5,,N/,,,30.0,0.0,,20.0,20.0,,30.797,Yemen,27.46,103.628,-0.189,0.4029999999999999,3773.812,17.4,8.159,-577.6,48.906
182,Zambia,Zambia,Sub-Saharan Africa,106.0,16.0,58.79,0.1,30.0,0.0,38.0,0.0,73.3,1.4,81.1,3.1,66.4,-1.8,48.3,2.3,72.6,-0.6,78.2,1.4,50.0,-5.0,50.0,0.0,3.4,35.0,35.0,14.7,25.083,Zambia,15.021,61.045,5.418,7.107200000000001,4063.961,13.3,7.944,2483.8,31.058
183,Zimbabwe,Zimbabwe,Sub-Saharan Africa,175.0,46.0,38.23,0.6,10.0,0.0,21.0,0.0,60.8,-5.8,73.6,-0.6,37.6,0.5,30.0,6.3,79.1,3.7,50.2,-8.2,10.0,10.0,10.0,0.0,14.9,51.5,25.0,25.3,29.679,Zimbabwe,13.261,27.134,3.169,8.2998,2046.21,5.4,-0.214,544.8,54.021
184,Somalia,Somalia,Sub-Saharan Africa,,,,,,,8.0,0.0,,,,,,,,,,,,,,,,,,,,,,Somalia,10.5,,3.7,,600.0,,,,
185,Kosovo,Kosovo,Europe,84.0,35.0,61.37,,30.0,0.0,33.0,0.0,93.59,,76.8,2.9,69.3,2.5,66.3,-5.8,78.9,4.0,70.8,,65.0,0.0,30.0,,7.1,10.0,10.0,21.0,27.786,Kosovo,1.87,16.857,2.738,3.325,9037.0,30.0,0.427,,19.1
186,Brunei Darussalam,Brunei ,Asia-Pacific,51.0,10.0,67.28,-1.6,30.0,-5.0,60.0,0.0,87.0,0.0,57.3,-6.3,71.3,3.0,90.2,0.2,76.8,0.2,85.2,3.4,65.0,-5.0,50.0,0.0,2.4,0.0,20.0,30.0,37.715,Brunei,0.413,30.212,-0.698,0.9056000000000001,73233.032,3.8,-0.24,567.8897272382877,2.615
